{"mean": {"SL_class_1000": [19.5128, 7.989999999999999, 5.5964, 4.6554, 4.0158000000000005, 3.5346, 3.1420000000000003, 2.7686, 2.553, 2.2990000000000004, 2.1108000000000002, 1.9171999999999998, 1.7962, 1.6326, 1.5084000000000002, 1.4205999999999999, 1.2848, 1.1928, 1.1306, 1.0726, 1.0], "OSL_class_1000": [19.851999999999997, 9.040000000000001, 7.295400000000001, 6.8824, 5.974, 5.6352, 5.081799999999999, 4.648000000000001, 4.4846, 4.2306, 3.9292000000000002, 3.6885999999999997, 3.4382000000000006, 3.2525999999999997, 3.0056, 2.8458, 2.6536, 2.5134, 2.3066, 2.1449999999999996, 1.9873999999999998], "DC_class_1000": [18.6978, 9.228599999999998, 7.372199999999999, 6.3073999999999995, 5.464799999999999, 4.9424, 4.5207999999999995, 4.0898, 3.8892, 3.6016, 3.3590000000000004, 3.1768, 2.9321999999999995, 2.8068, 2.6274, 2.5134, 2.3866, 2.2518000000000002, 2.1792000000000002, 2.0804, 1.9878], "FH_class_1000": [13.265, 13.265, 13.265, 13.265, 13.265, 13.265, 13.265, 13.265, 13.265, 13.265, 13.265, 13.265, 13.265, 13.265, 13.265, 13.265, 13.265, 13.265, 13.265, 13.265, 13.265], "BH_class_1000": [9.953853754817125, 9.953853754817125, 9.953853754817125, 9.953853754817125, 9.953853754817125, 9.953853754817125, 9.953853754817125, 9.953853754817125, 9.953853754817125, 9.953853754817125, 9.953853754817125, 9.953853754817125, 9.953853754817125, 9.953853754817125, 9.953853754817125, 9.953853754817125, 9.953853754817125, 9.953853754817125, 9.953853754817125, 9.953853754817125, 9.953853754817125]}, "std": {"SL_class_1000": [0.1640492608944029, 0.23067986474766278, 0.10530451082456051, 0.0379083104345207, 0.08428380627380333, 0.05969790616093657, 0.0645662450511101, 0.021868699092538548, 0.037619144062564745, 0.03164174457895775, 0.05406440603576442, 0.04317591921430284, 0.041053136299191544, 0.030948990290476375, 0.016965848048358722, 0.0281183214292746, 0.009495261976375421, 0.008133879763065089, 0.01721162397916013, 0.014065560778013853, 0.0020000000000000018], "OSL_class_1000": [0.10939469822619452, 0.27685375200636175, 0.18562607575445852, 0.23005095087827834, 0.08033181188047488, 0.1355218063634041, 0.0933903635285785, 0.05630630515315317, 0.1187646412026745, 0.11799084710264594, 0.09689871000173331, 0.04064775516556852, 0.10773931501545755, 0.06266290768867969, 0.07231486707448193, 0.04747378223819973, 0.030552250326285373, 0.04677007590329528, 0.02940476151918259, 0.014926486525636207, 0.003382306905057548], "DC_class_1000": [0.67444062748325, 0.29386840592346786, 0.16924231149449567, 0.19602101928109641, 0.17904345841163816, 0.10961678703556327, 0.07447254527676632, 0.09192475183540048, 0.06054221667563876, 0.07627738852372958, 0.05526300751859228, 0.03394937407375873, 0.04156633253006572, 0.030327545235313842, 0.04879999999999996, 0.048569949557313634, 0.022983472322518975, 0.026902787959614802, 0.021329791372631805, 0.005425863986500265, 0.003709447398198285], "FH_class_1000": [0.0, 0.0, 0.0, 0.0, 0.0, 0.0, 0.0, 0.0, 0.0, 0.0, 0.0, 0.0, 0.0, 0.0, 0.0, 0.0, 0.0, 0.0, 0.0, 0.0, 0.0], "BH_class_1000": [0.0, 0.0, 0.0, 0.0, 0.0, 0.0, 0.0, 0.0, 0.0, 0.0, 0.0, 0.0, 0.0, 0.0, 0.0, 0.0, 0.0, 0.0, 0.0, 0.0, 0.0]}}
