{"mean": {"SL_decay_1000": [0.999, 2.0761999999999996, 2.8164, 3.2534, 3.6164, 3.8630000000000004, 4.098, 4.2700000000000005, 4.423, 4.5702, 4.7844, 4.8454, 5.0944, 5.1242, 5.2538, 5.3544, 5.4138, 5.569599999999999, 5.6192, 5.7132000000000005, 5.7304], "OSL_decay_1000": [1.9856000000000003, 4.1658, 4.8262, 5.180400000000001, 5.4254, 5.800399999999999, 5.9408, 6.235, 6.204600000000001, 6.4072000000000005, 6.623599999999999, 6.6372, 6.719199999999999, 6.726999999999999, 6.99, 6.9828, 7.101999999999999, 7.1290000000000004, 7.143600000000001, 7.2976, 7.4794], "DC_decay_1000": [1.9824000000000002, 3.3617999999999997, 4.0102, 4.461799999999999, 4.792199999999999, 4.902, 5.1872, 5.436999999999999, 5.6251999999999995, 5.708200000000001, 5.8762, 6.023, 6.126, 6.1654, 6.304, 6.297199999999999, 6.501399999999999, 6.5022, 6.7196, 6.704000000000001, 6.707000000000001], "FH_decay_1000": [13.323, 13.323, 13.323, 13.323, 13.323, 13.323, 13.323, 13.323, 13.323, 13.323, 13.323, 13.323, 13.323, 13.323, 13.323, 13.323, 13.323, 13.323, 13.323, 13.323, 13.323], "BH_decay_1000": [9.953853754817125, 9.953853754817125, 9.953853754817125, 9.953853754817125, 9.953853754817125, 9.953853754817125, 9.953853754817125, 9.953853754817125, 9.953853754817125, 9.953853754817125, 9.953853754817125, 9.953853754817125, 9.953853754817125, 9.953853754817125, 9.953853754817125, 9.953853754817125, 9.953853754817125, 9.953853754817125, 9.953853754817125, 9.953853754817125, 9.953853754817125]}, "std": {"SL_decay_1000": [0.0, 0.043604586914681255, 0.08982338225651489, 0.03662567405523067, 0.04027207469202448, 0.043446518847889304, 0.06669632673543574, 0.08542365012102907, 0.04437116180583974, 0.03795997892517849, 0.11793998473800127, 0.10509919124332015, 0.08337049837922293, 0.08102444075709504, 0.06589506810073126, 0.08955579266580119, 0.09359572639816402, 0.1539358307867275, 0.08751548434420064, 0.07351299204902488, 0.07550523160682313], "OSL_decay_1000": [0.0024166091947189607, 0.10209485785288099, 0.04515484470131643, 0.0717066245196357, 0.08143856580269558, 0.12349510111741281, 0.0669041104865764, 0.07231320764563001, 0.12949069464637217, 0.09729624864299746, 0.08095826085088519, 0.12227248259522652, 0.09967025634561204, 0.08092712771376487, 0.10235233265539188, 0.09782310565505481, 0.1551064150833227, 0.18715555027837133, 0.1296435112144068, 0.10722984659132916, 0.038562157615984125], "DC_decay_1000": [0.001496662954709584, 0.07211490830611937, 0.0636817085197941, 0.14316619712767395, 0.12640791114483324, 0.05237938525794284, 0.058669924151987685, 0.08493762417209462, 0.10091263548238162, 0.13049199209146908, 0.0955832621330744, 0.11498695578194948, 0.09005109660631566, 0.18896518197805637, 0.09320085836514601, 0.03673363581242691, 0.09818472386272711, 0.09831052842905486, 0.050054370438554055, 0.18161828101818395, 0.056324062353491626], "FH_decay_1000": [0.0, 0.0, 0.0, 0.0, 0.0, 0.0, 0.0, 0.0, 0.0, 0.0, 0.0, 0.0, 0.0, 0.0, 0.0, 0.0, 0.0, 0.0, 0.0, 0.0, 0.0], "BH_decay_1000": [0.0, 0.0, 0.0, 0.0, 0.0, 0.0, 0.0, 0.0, 0.0, 0.0, 0.0, 0.0, 0.0, 0.0, 0.0, 0.0, 0.0, 0.0, 0.0, 0.0, 0.0]}}